Atom Type,r_0,r_f,Times Moved,dE
B,[1.73522558 5.61129543 1.9314297 ],[13.52265389  7.13049873 15.38613974],1,-3.891683585319697
B,[10.52709269  1.36672379  9.92294614],[15.93780828 17.82279621  4.03953159],2,-0.3097842418401342
B,[13.51375268  7.1251665  15.36753046],[ 1.83049665  9.35373319 19.30682748],3,-0.7610648492600376
B,[12.50346457 12.52364862 12.14002797],[ 0.03345397 11.4616835   9.77806502],4,-0.44111939799040556
B,[ 1.78214136 21.08453015 17.01640612],[ 3.00949363 16.95821351 16.05541516],5,-1.3931941860400912
B,[12.82974366  1.64660831  1.50127208],[17.39582972  3.94571628 16.11353955],6,-3.992157520089677
B,[19.99864715 19.20168778 15.98848456],[ 0.9329589  20.28028983  3.30226854],7,0.0006522819303427241
Ni,[15.48691673 18.82475459  6.91647774],[ 3.36744721 18.1247439  20.04752025],1,-0.0017537904104756308
Cr,[17.15930423 18.78433666  4.85728676],[ 5.46689189 17.45609036 15.57253852],1,-0.0017537904104756308
B,[19.26922714 11.56833482 13.4843394 ],[14.07068263 20.67684697 11.64602071],8,-1.042983074429685
B,[ 2.96167206  3.43305853 17.08342281],[0.58318858 6.52805831 6.43457184],9,-0.5127104614202835
B,[ 0.51003567  3.80270175 15.09919917],[0.58445753 6.5283945  6.43346329],10,9.431393027625745e-05
B,[16.35493939 19.85799399 19.11844597],[ 0.45382591 11.83918494 21.11824142],11,-0.5734710327496941
Ni,[ 7.43692743  6.53730157 17.61062141],[21.09330898  9.01907243  1.30885503],2,-0.0960708336906464
Cr,[ 6.96579682  5.51439996 19.63348587],[12.88082381  0.65871759 10.53485208],2,-0.0960708336906464
Cr,[20.89569126 19.55822852  5.09463367],[10.45189582 16.00083818 12.23160359],3,-0.18943244168985984
Ni,[18.76865238 20.80826362  5.30889526],[15.37704079 10.23469747  1.27261283],3,-0.18943244168985984
Ni,[19.41028287 19.60564859 14.11695062],[14.4344309  21.09083706  3.45541275],4,0.12317546088979725
Cr,[17.19859355 17.33847079 14.31590834],[ 5.65918499 19.69979481  6.95201595],4,0.12317546088979725
B,[ 4.98449271  1.74374882 19.51234907],[15.91556365  3.58537593  2.60085034],12,-0.06536275379949075
Ni,[10.32947779  6.80204912 10.30678367],[1.42718660e+01 4.47386316e-01 1.22544997e-02],5,-0.3259960096902432
Cr,[10.22054179  4.26249628 10.2152319 ],[ 3.57519017 14.12448826  7.18821349],5,-0.3259960096902432
Ni,[ 1.4195374  13.51359258 12.39701576],[15.73802766 14.62940166 16.51187478],6,0.010653565020220412
Cr,[21.07015516 11.93101253 11.99574691],[10.51841133  3.62717918 13.94590998],6,0.010653565020220412
Ni,[10.61278986 16.03715802  9.01319102],[ 2.04497216  2.7330647  18.25019286],7,-0.024236735320300795
Cr,[10.43421555 14.15221571 10.62437344],[ 1.94586322 15.93028475  7.23939886],7,-0.024236735320300795
B,[ 4.71638947 21.01597899  3.65007339],[19.84532848 15.72308286  1.35298431],13,0.023744321720187145
Ni,[ 5.83807971  0.15773778 15.70834607],[15.50336243  1.79059266 17.33271866],8,-0.10289261151046958
Cr,[ 4.14468406  1.77496231 16.3663833 ],[18.90168278 13.7906329   8.63071675],8,-0.10289261151046958
B,[17.12061409  9.36446695 17.02061514],[ 1.69603045  9.21386117 19.23836493],14,-0.07618954026929714
Ni,[3.45202963 4.68346777 1.57406319],[14.23410701  5.24178012  2.09156595],9,0.25214539304943173
Cr,[3.50643685 1.83492438 2.26403642],[13.7588643  12.07922816 12.22300586],9,0.25214539304943173
B,[ 4.03944477 20.73804786 16.67764325],[8.93290578 2.32774365 1.00795428],15,-1.1793299062901497
Ni,[17.21953926 17.29175442 14.31460708],[14.48280971  0.02736196  3.38719435],10,-0.09368445513973711
Cr,[14.42181857 17.71612966 14.89218847],[ 8.78095224 10.38028783  8.81848925],10,-0.09368445513973711
B,[14.09993072 20.56516796 11.45608461],[ 8.87348541 19.4261546  12.93427767],16,-1.1139215611901818
Ni,[ 9.10737678 16.10983177  7.27536805],[15.85364169 17.1443848   8.8912029 ],11,0.2607998819903514
Cr,[10.68629845 16.04652314  9.02694735],[ 2.01928887 15.79242188  7.27132112],11,0.2607998819903514
B,[0.43401812 6.60943043 6.30000357],[ 0.38463414  2.36648533 10.04818778],17,-0.14020720880034787
B,[15.99400265 16.25965023 15.45019942],[14.27283063 17.04412926  7.9493951 ],18,-0.834249012629698
Ni,[ 0.54225776 20.43030852 17.00413221],[ 4.82526614 14.62571917  9.48722084],12,0.020925564510434924
Cr,[ 2.48048006  0.99954178 17.43636016],[17.57683853 11.87272786  5.13192479],12,0.020925564510434924
Cr,[3.07692213 3.76813563 7.99347137],[19.42400311 19.73762459 14.21380167],13,-0.029218872770798043
Ni,[2.45278826 3.71160239 5.46695457],[12.29692763 19.20255381 14.23456894],13,-0.029218872770798043
B,[ 0.14730059 20.2553347  15.03556073],[12.18636861 16.06846107  2.0967826 ],19,-0.9262869315998614
B,[3.24416543 5.25553106 9.64307698],[14.75787026 13.60534317  9.23028418],20,-0.0006084715696488274
Cr,[16.24594178  5.82879381  3.31674854],[7.12149429 3.35963816 3.19420704],14,-0.07626161262032838
Ni,[15.59672318  7.14986153  5.33720247],[19.41255719 17.65747055 13.20258956],14,-0.07626161262032838
B,[16.97223179 11.42237235 15.39382029],[7.83055419 5.54152797 1.84616014],21,-0.7399874400298359
Ni,[ 4.24092894 11.75237521  6.95800802],[ 2.05093934 16.7526804  14.91310739],15,0.05023868643002061
Cr,[ 3.62364494 12.63357304  9.13747812],[18.92663678  8.94925933 20.90364728],15,0.05023868643002061
B,[0.34740346 6.58566232 6.43137697],[ 0.43783911  2.25505628 10.00874234],22,-1.2533206357302333
Cr,[13.79609781 11.13038196  3.31350432],[3.89666783 0.1665576  7.10879725],16,0.0043383917000028305
Ni,[15.81031242 12.62431333  3.15690095],[6.15640623 1.23491745 7.36362597],16,0.0043383917000028305
B,[0.98327699 1.45835067 0.60135026],[20.82765865 18.95687896  7.08641117],23,-0.37928782164999575
B,[14.90302669 10.2926143  19.72260522],[ 0.39684529 13.90788031 15.53086331],24,-0.5764561721598511
Cr,[0.43653968 8.81838134 1.54427627],[10.53826867  5.75450674  5.45812256],17,-0.0085431902698474
Ni,[2.08960358 6.79929469 1.67616944],[ 5.93212234 10.32417737  3.49057726],17,-0.0085431902698474
B,[3.35760428 7.96937123 6.9684716 ],[11.94222893  6.79695321  6.73657786],25,0.14969827169989003
Cr,[ 6.37265972 10.57868877  7.31617085],[13.6986135  16.46975283  3.55962997],18,-0.007522671679907944
Ni,[4.45901228 9.87184533 5.41444135],[8.52240109 3.74549238 8.92448085],18,-0.007522671679907944
B,[0.97879123 9.0799745  5.24164314],[0.42588762 2.20302501 9.99946434],26,-0.220472768000036
B,[15.88263521  3.76083894  2.811913  ],[20.02635534  9.35364189  5.53717511],27,-2.1639923789498425
Cr,[ 3.01144847  3.88242009 20.37943102],[19.33436937 13.92648579 15.79937147],19,-0.12137690718009253
Ni,[ 0.95289753  2.52829816 20.70132532],[12.31394931 17.5029825   5.30011778],19,-0.12137690718009253
B,[20.10010302 19.32277687 16.33980749],[ 1.37173743 20.48665592  3.26103152],28,-1.15376838020984
Cr,[ 5.08206656 12.30660385 10.51310609],[18.59039159  9.05001184 10.49088344],20,0.010855160800019803
Ni,[ 5.4563927  14.36530152 11.58025136],[11.81699705 21.05746636 18.56152456],20,0.010855160800019803
Cr,[ 3.71551365  5.51057934 12.73415604],[16.48577327 11.1978424   6.98575203],21,-0.2505897633900531
Ni,[ 5.04227041  3.54729984 12.16364214],[13.75998232 11.16924394  3.39192056],21,-0.2505897633900531
B,[0.25058809 6.77829796 6.28891904],[ 4.39492021 19.41855118 18.81643962],29,-1.1689695899603976
B,[ 1.41075032  0.33549044 20.33256156],[17.2062926   8.20148096  9.02917842],30,-0.48691037268963555
Ni,[ 8.393773   17.09259182  2.99456284],[ 6.80806759  3.27841771 19.43766201],22,-0.3397569979697437
Cr,[ 7.28818442 18.00563463  0.66197382],[14.27339047 15.4576862   1.42852398],22,-0.3397569979697437
B,[18.65062005  7.41270818 14.99853377],[ 5.59758269 17.41645609  6.92534002],31,-0.08608088021082949
Ni,[10.0066223   3.50582226  6.46926979],[16.16798259 16.01377026 18.38589028],23,0.22842489246067998
Cr,[8.2748819 1.9187868 7.1130073],[16.01563374  8.49479912 17.9838183 ],23,0.22842489246067998
Ni,[8.40694214 8.13819263 0.25666465],[ 3.57489718  7.0776963  10.89920416],24,0.04538138029965921
Cr,[7.72230861 9.82091981 2.09065349],[5.18646307 5.45971076 7.56185429],24,0.04538138029965921
B,[6.55426156 8.64889903 3.44951984],[1.47335527 8.43471968 1.54514771],32,-1.5811876510097136
B,[ 0.46854698  8.15176346 17.9668322 ],[17.18781717  6.98458355 17.05059999],33,-1.8376683583601334
B,[0.02128087 1.34761784 1.26367705],[20.69343627 19.06952867  7.44234214],34,0.000415223259551567
B,[12.787969   19.81366681  9.14500969],[15.78547859 17.56713434  3.69693478],35,-0.6074492820698651
B,[ 6.96091009 15.55727002 10.40440845],[19.51121799 19.97720234  2.50061198],36,0.19998181445043883
Ni,[12.57150305 15.75076626 13.78766247],[9.99839583 6.25985889 2.04803354],25,0.2596330499100077
Cr,[10.73452016 17.07603424 14.25865578],[15.36354477  9.01994981  3.4434712 ],25,0.2596330499100077
B,[1.15944873 2.21150417 4.95536846],[17.28429055 19.30133738 17.79914013],37,0.1630527102297492
B,[20.80845467 17.47901599 14.49941567],[19.51107061  0.49755451 11.62731929],38,-0.26624914330022875
B,[1.44618344 8.62564477 1.22231888],[ 4.51173208 19.32544179 18.85504451],39,-0.09169049124011508
Cr,[ 4.23519583 17.6348861  13.79910991],[15.69579982 18.21036861  7.06964958],26,0.18508492623004713
Ni,[ 3.17935499 14.68066859 13.66295028],[17.55639085 17.62341424  0.27635582],26,0.18508492623004713
B,[ 5.01105238  8.24789483 15.97411172],[17.19750394 19.75705429  6.95104144],40,-0.7275370075594765
B,[9.08828165 8.81751392 5.5395051 ],[19.42292562  3.32807967  7.39662511],41,-0.08290738850973867
Ni,[10.51314825  2.16874166  8.59530313],[16.06329292 15.43625154  3.27852925],27,0.10362600288954127
Cr,[10.17991462  3.52829885  6.47556686],[15.70266644  8.27786773 18.07182396],27,0.10362600288954127
B,[10.05919838  2.09207242  0.02985091],[1.85007284 3.65145302 7.36517221],42,0.08032825566988322
B,[ 0.77414123 18.22536245  8.21041122],[ 1.25166909 20.26216555 14.91410802],43,-0.5040479837898602
B,[10.10388967 14.47577327 18.86399434],[6.75685481 8.54523304 3.09479426],44,0.015421720850099518
Cr,[18.50785664  5.07316413 10.75400281],[8.73594939 0.23751883 1.25748453],28,0.31755992754006
Ni,[18.69545928  6.94717374 12.56227231],[ 7.59958835  7.60298785 19.8771175 ],28,0.31755992754006
B,[10.1604173   8.2791792  18.08756041],[10.61477469  9.50562281  5.2523368 ],45,-0.4567021075499724
B,[ 9.65720909 10.24117451  0.71875015],[ 0.53345767 13.94162032 15.65987709],46,-0.5113084298300237
Ni,[ 0.70723172 12.51147712  5.66399744],[10.96024564 14.49661393  7.52527146],29,0.011261475840001367
Cr,[19.78913245 12.48061738  3.98839693],[ 0.41325296 18.93715868 13.39679344],29,0.011261475840001367
Ni,[15.99758276  9.11612071  7.49658859],[17.77556804 14.03279063  4.35802186],30,0.05268641563998244
Cr,[16.81277642  9.55360808  5.25743126],[20.85152953  5.67438013  9.99448111],30,0.05268641563998244
B,[6.08366583 9.92992935 1.73844066],[ 0.52920401 13.97703467 15.59077668],47,-0.5236006746599742
Ni,[ 6.64824032  0.35525263 19.56958293],[18.4887649   1.67894113 10.68330569],31,0.07406856394936767
Cr,[ 6.99727007 20.89992843 17.28389213],[12.02274861 12.34464342 20.90566599],31,0.07406856394936767
B,[20.70080363  1.82839692 14.82873975],[2.65072693 8.60678692 5.83393676],48,-0.01926157815978513
Ni,[20.30708943  4.31464136 21.09251687],[12.55042379 15.92915351 11.39274925],32,-0.0417363703600131
Cr,[1.06481658 3.40657542 1.55937048],[15.9076394  9.1217212  7.4460933],32,-0.0417363703600131
B,[21.03129988  1.3353102   1.22484042],[21.04072981 18.90271115  7.61121734],49,0.03324949745001504
Ni,[15.21064621 21.10653249 19.96657881],[ 5.30144849  1.84463955 10.84917954],33,0.09247707052054466
Cr,[14.08197791 19.62378148  0.84543474],[ 7.31044808 10.4771048  17.34202469],33,0.09247707052054466
B,[ 5.34685087 20.58277525  2.5976956 ],[14.45028374 13.21229072 15.64606972],50,-0.7423639097105479
B,[10.64247623 11.35287127  0.88384965],[6.59061593 8.4499673  3.19226881],51,-0.004656083389818377
B,[ 0.0993883  18.98664426  7.58279236],[ 1.76489805  2.35729765 18.86416045],52,0.0006121234600868775
B,[17.73040783 11.22365848  1.13904656],[ 4.5461305   4.58326678 19.01759148],53,-0.012941855659846624
B,[ 1.79518546  6.58616222 14.64555085],[15.80581647 19.03144063 14.78670684],54,-0.09289199094018841
Cr,[17.89926503 20.9220473   3.63686918],[ 6.67502478 13.90052821  3.80573849],34,0.17329903482004738
Ni,[19.3029353   1.71717199  3.72135985],[ 9.00616604 10.43062857  0.50006585],34,0.17329903482004738
B,[ 3.03912387 17.95628102  4.39181385],[ 5.2820847  17.31496292 21.00557051],55,-0.0995943913303563
Ni,[10.42657848  8.64371367 12.09491832],[19.64022501 10.62165252 18.77677794],35,-0.1562198804995205
Cr,[10.74255354  6.99016594 10.36690529],[ 3.93978141 14.12310562  7.1434107 ],35,-0.1562198804995205
Ni,[20.97460503  4.74445876 15.37471295],[12.19958161 12.24210573 10.99018131],36,0.06037984354952641
Cr,[20.24899283  3.72563282 17.31320339],[17.81221593  2.84639508  8.72477864],36,0.06037984354952641
B,[14.14091689  7.1113767   1.95353666],[ 8.59214317 14.17878788 11.00624999],56,-0.36979746520955814
Cr,[0.60224171 8.59711643 4.94543201],[10.41878032  8.73740412 12.14436217],37,0.16474673931952566
Ni,[2.70198008 9.13614726 3.87501252],[ 8.70421409  3.37965966 15.19210796],37,0.16474673931952566
B,[ 3.47170877 17.70953817 15.76217556],[ 5.30168344 11.00901396 20.76329012],57,-0.031040735979331657
B,[ 3.15784616 20.17941246  0.12966671],[10.89282849 15.81645143 10.39083966],58,-0.4921711402303117
Cr,[14.19698848 15.26136493  9.42763927],[ 9.83876216  3.73963688 17.41295773],38,0.23065756798041548
Ni,[14.49827124 17.24628402 10.93040393],[13.3838409  10.18883827 20.75555544],38,0.23065756798041548
Cr,[ 8.77331873 16.14618234 10.27926758],[19.37669055  1.85942415  3.57359797],39,0.02108279640924593
Ni,[ 8.890033   18.01816354  8.6055517 ],[17.21321397 12.62405754  9.24834642],39,0.02108279640924593
B,[ 4.60403936 18.33699198 13.9287871 ],[ 5.34887398 11.04912842 20.72798445],59,0.043665004020112974
B,[13.14448242  5.29425546 20.64197055],[1.52982215 3.91315529 7.19105364],60,0.10045395144061331
B,[11.79147541  5.53191414  9.08687623],[19.9764899  18.95845756 12.08027849],61,-0.3673744718707894
Ni,[14.45837437 17.34366527 14.94572155],[13.59735484 20.90869199  2.68272624],40,-0.18344372201954684
Cr,[12.55520247 15.88446816 13.89350341],[15.38345221  8.97442608  3.29392542],40,-0.18344372201954684
B,[12.37026081 15.76480801  2.07626674],[ 0.52054759  0.56336449 21.05995327],62,-0.3240040723803759
B,[20.30899101 15.72933054 20.71071402],[ 5.8358709  20.92869801  2.81560167],63,0.022392907440007548
Ni,[ 4.01490411 17.21989344  3.34645127],[ 1.78070177 16.78858342  4.51713624],41,-0.20519758278987865
Cr,[ 4.60217475 15.09605221  4.44037006],[10.99351879 17.32202424  3.65809898],41,-0.20519758278987865
Ni,[2.81980521 2.39063769 2.76151681],[14.15943437  5.04464336  2.89363498],42,0.04554381721027312
Cr,[3.57916117 2.38658902 5.00015629],[10.85143902  5.42527612 12.13081537],42,0.04554381721027312
B,[17.37838696  8.33637461  8.74271068],[ 6.14274501 14.78417501  7.7814388 ],64,0.1837033103702197
Ni,[ 5.6655374  19.41441894 13.78151364],[ 1.64786249 20.8578802   5.48163975],43,0.028983227919525234
Cr,[ 7.69659675 20.96078435 14.00914172],[ 9.76033807 10.19768715 17.79993127],43,0.028983227919525234
Ni,[21.05855345 12.33385355 16.05259681],[ 6.94495518  9.54822785 20.65023489],44,0.23350160180052626
Cr,[ 0.59636993 10.63551603 17.69699656],[15.39197346  4.31357036  0.95959658],44,0.23350160180052626
B,[10.51442416 12.96176262 13.81892853],[2.41041465 2.84965724 8.27516131],65,-0.055311710020760074
Ni,[ 7.06664998 19.27287726 15.63492221],[15.4752005  11.14966303  9.01426514],45,-0.04492750539975532
Cr,[ 5.3208564  17.66300993 15.66553446],[19.36007551 19.18017535  0.49223069],45,-0.04492750539975532
B,[3.04749565 2.49177541 0.6471161 ],[18.48422097  9.48458206 17.89677361],66,0.01504404490970046
Ni,[ 3.32460817  3.65853846 14.06419797],[ 8.97249659  6.88819185 11.88631807],46,0.07216792674080352
Cr,[ 4.51444138  3.97766657 11.80015328],[16.73696862 11.5988574   6.95705291],46,0.07216792674080352
B,[16.94999101 11.87297146  1.33631654],[12.79743965  1.5717114   8.98166519],67,-0.08103459054018458
Ni,[ 2.07985546 20.9512495  12.88149102],[ 5.9734289  14.86352402 18.96231765],47,-0.010310301930076093
Cr,[ 2.17242518 20.06637124 10.11006806],[18.88032916  5.97842012 20.06866757],47,-0.010310301930076093
B,[17.68157931  7.13481492  4.50035131],[2.68060289 8.7033774  5.89231481],68,-0.23528050773984432
Ni,[12.68614494  3.77844983 11.90496046],[17.47065062  8.74907699 16.36125481],48,-0.032659178710673586
Cr,[13.74519394  3.58049586 14.18128471],[20.66604289 19.37098191 19.60458803],48,-0.032659178710673586
Ni,[ 1.0782062   6.77600765 11.67358957],[10.36345374  8.20611123  6.71066543],49,0.0908304578406387
Cr,[1.64723098 6.94153414 9.31660334],[20.2942085   6.01669402 17.75925512],49,0.0908304578406387
Cr,[13.63963495 10.12377815 17.78846528],[ 1.33529669 16.06177894  0.32611879],50,0.1240795271096431
Ni,[11.50470903  8.32856479 17.7553326 ],[ 4.69730032  6.37545823 18.14380145],50,0.1240795271096431
B,[ 2.78405692 12.80426565  6.05155234],[18.9659073   4.88902244 16.0933486 ],69,-0.08586901300986938
Ni,[19.38887773  9.9284392   3.18279007],[ 6.76210322 18.57798434  3.15862029],51,-0.08735291283028346
Cr,[17.85376487  8.00910022  3.09161893],[3.81188938 1.35614549 8.89625618],51,-0.08735291283028346
B,[6.63779827 8.50850257 3.25174864],[15.90459058 20.45591025 10.59881498],70,-0.1772906890601007
B,[0.62915876 0.68538896 0.14973479],[10.77573204 15.64022717 10.23905014],71,-0.9993256287298209
Ni,[10.60991929 10.46292113 10.55125499],[19.65509467 13.83824451  1.8993984 ],52,0.04048568247981166
Cr,[10.50353372  8.81693615 12.26992683],[ 4.04439355 14.11544222  6.75323475],52,0.04048568247981166
B,[18.82049166 20.57049852 19.9700535 ],[ 7.32781148 19.74999566 18.97012797],72,-0.653900620859531
Ni,[19.08142679  6.82767129 16.0309569 ],[10.45697543  6.95122696 13.90426723],53,-0.017507732710328128
Cr,[20.89523698  4.81634058 15.39660295],[17.72974795  2.99943878  8.80636751],53,-0.017507732710328128
Ni,[3.26736805 0.3139572  4.02372238],[ 4.48842277 16.19287904  7.97515121],54,-0.10936384356955386
Cr,[ 2.72243137 20.43980466  1.8905811 ],[18.48950281 13.74561488 13.48667291],54,-0.10936384356955386
B,[14.39912763 13.19939873 15.73063929],[ 4.14176814  1.92614028 14.66128853],73,-0.7769035213805182
Cr,[12.53560636  9.55244448  6.93797029],[ 2.14254265 14.13213338  4.54822695],55,0.042903408339952875
Ni,[10.97118004  8.95263413  8.86764681],[ 0.5411675   6.82492482 16.28831946],55,0.042903408339952875
B,[16.40009175 11.34415526 19.14730293],[ 4.14690863  1.91653399 14.66301005],74,-0.2685195728099643
Cr,[18.99561027  8.98226231 20.13814518],[ 1.73493738  7.16580957 14.13123521],56,-0.054171621859495644
Ni,[20.14913973 11.36289598 20.89323612],[7.97258124 5.39076134 3.72837849],56,-0.054171621859495644
Ni,[ 1.97996901 12.60615205 17.65362878],[ 4.12453313 15.28265409  4.50103041],57,0.10348658180009807
Cr,[21.017676   12.35354227 16.16530209],[15.27096704  4.24478809  0.89320727],57,0.10348658180009807
B,[1.80561813 3.06018042 4.50492211],[20.9450369   5.51812262 19.87307844],75,-0.6219174410598498
Ni,[8.3466978  9.18585671 6.78601558],[18.48985619 15.60083611 12.11779303],58,0.1120593852492675
Cr,[ 9.05049832 10.47084145  8.98428753],[13.32197428 18.58292351  7.07931901],58,0.1120593852492675
Ni,[19.26058238 12.38251287  3.79338889],[11.17769446 14.14667865  7.08246448],59,0.012473621340177488
Cr,[19.46047938  9.99024064  3.00762641],[3.96716305 1.51075142 8.91717649],59,0.012473621340177488
B,[ 6.72740843 10.00392274  5.75477217],[12.10961959  7.44701068  7.16123605],76,-0.20272749135983759
Ni,[ 8.75733016 17.48373387 12.13745046],[19.64157662  8.9647594  15.03659682],60,0.14096176987004583
Cr,[ 9.20939084 19.28415644 10.25727   ],[14.87736392 19.87662687 18.31941423],60,0.14096176987004583
Ni,[ 3.73891715 12.33666536 12.5105098 ],[ 1.95353752 17.88091013  2.00407738],61,-0.05357068788998731
Cr,[ 5.16502126 14.34137501 11.49084254],[18.89544192  9.00416853  9.99472376],61,-0.05357068788998731
Ni,[10.90507942  7.23039721 10.48454816],[19.56060231 10.85735211 18.71822516],62,0.3819168572399576
Cr,[10.98317336  8.95200438  8.87800991],[ 2.11881408 14.10284007  4.56992374],62,0.3819168572399576
B,[ 2.41618298 16.59365173  8.21418276],[15.8556986  20.58378933 10.61156842],77,0.1760309149403838
B,[15.8556986  20.58378933 10.61156842],[ 3.832165    0.79855948 16.07732276],78,-0.0006431137207982829
Cr,[ 8.93750064 20.90746512 18.63078943],[ 9.04196798  9.22422009 20.73569186],63,0.007917545820419036
Ni,[ 7.76780972 20.65510923 20.7917883 ],[15.83467102 12.42439578 10.89754059],63,0.007917545820419036
Ni,[19.87153954 14.77492659  4.70799849],[15.57364601  7.0845382  15.7911468 ],64,-0.02684017940009653
Cr,[19.15782441 12.37305813  3.76175882],[3.98307247 1.49015092 8.91782518],64,-0.02684017940009653
B,[ 9.79232682 17.48323443  1.58999181],[19.09927776  5.30945763  1.01796614],79,-0.2806807800398019
B,[ 3.89316282 15.54712133  6.04844691],[15.82343594 20.53168193 10.62977899],80,-0.15856871932010108
Ni,[17.86929838 14.39975868  7.76419485],[ 8.84378909  4.49070819 11.69185916],65,-0.12462894917007361
Cr,[19.41777111 14.19187063  9.74844181],[ 6.01030586  0.13246557 12.25397771],65,-0.12462894917007361
B,[ 9.35428707 19.5642963  12.31523182],[ 2.42088454  3.96407783 12.12724658],81,-0.3763947459501651
B,[18.86586585 17.8948584   2.23242703],[ 0.94842809 12.19946429  0.29218185],82,0.00010769593063741922
B,[0.93802914 7.99474157 1.42402813],[1.53842139 3.97189884 7.07347833],83,-0.0004382434708531946
Ni,[12.34778794 12.28858581 10.99654057],[ 2.70482686  5.15316721 10.49561304],66,-0.03710442468945985
Cr,[12.06167113 14.12689525  9.11726023],[3.43876213 8.6328872  9.10630974],66,-0.03710442468945985
Cr,[2.09193439 6.14700893 1.46579228],[10.9129859   5.99787487  5.9654899 ],67,0.18491945227015094
Ni,[2.08203892 4.573964   3.44476558],[12.00472282 17.27896868 16.23711438],67,0.18491945227015094
Cr,[10.81039639  7.20215893 10.51886862],[ 2.24028694 14.39951147  4.9686571 ],68,-0.08051826032988174
Ni,[10.58287739  8.77570873 12.34243685],[19.75645251 13.87928215  1.99324755],68,-0.08051826032988174
Cr,[17.26969173 21.11569594 17.41326798],[ 1.32564957  2.38701914 13.05974043],69,0.011592179369472433
Ni,[19.17860021  0.0773323  19.01669966],[12.40531005 10.76550395  9.10818298],69,0.011592179369472433
Ni,[ 1.58104042 18.15673183  8.99397665],[13.89657976 16.49641209 19.50332714],70,0.12619885677031561
Cr,[ 2.06683582 20.10765673  7.71624996],[19.10535392 14.44874979 19.15803438],70,0.12619885677031561
Ni,[12.73751611  7.4786586   8.94573858],[ 1.43246908  6.35084964 18.74660333],71,0.0005898910694668302
Ni,[ 0.13195209 19.98689614  9.24816839],[15.24912807 10.40003866 19.0656129 ],72,0.0005898910694668302
B,[15.72163463  8.5365497  11.58626553],[ 5.94333665 14.76745107  7.68769547],84,0.042255314270732924
Ni,[11.86240148 16.26054194  1.26901415],[20.63543472  1.1379722   5.38195777],73,0.565844827519868
Cr,[14.45707641 14.90648029  1.65513776],[ 8.20374711 16.67973833  2.93160955],71,0.565844827519868
B,[15.77756372 20.49593638 10.63722666],[ 3.8442421   0.76900464 16.07103146],85,-0.22077687884029729
B,[ 2.16425521 17.21881655 10.81684101],[ 7.1333797  11.68247276 12.68318318],86,0.10767397121981048
Ni,[12.22445105  8.7133534  14.1274895 ],[2.83017255 8.33404621 1.38407667],74,-0.03903784970952984
Cr,[10.59016106  8.77154006 12.36426708],[ 2.23438268 14.39110732  4.96424817],72,-0.03903784970952984
B,[17.36006584  4.47588301  2.3443031 ],[14.1775235   4.44277546 10.55268129],87,-0.4574834205905063
Ni,[ 1.98982933  1.03227367 17.32681792],[ 4.59450596 14.28072387  9.17328949],75,0.20967208522051806
Cr,[ 0.23944228 20.15493151 17.28839183],[18.54805682 10.79072422  4.97514319],73,0.20967208522051806
B,[2.84222248 8.61895632 6.00068349],[0.5897396  2.40280709 9.85439151],88,-0.1621117623299142
Ni,[ 5.55768587 18.20734921  8.80792947],[ 2.23128759  5.11602186 15.54194685],76,0.26850868720975996
Cr,[ 5.77523217 17.64666233 11.88193887],[17.68549143 18.37578915  8.75384263],74,0.26850868720975996
B,[12.911327   19.67923064  8.72309589],[ 5.00829534 13.63695426 13.39846477],89,-0.47622340583984624
B,[19.73669572 14.16185477  6.52286774],[19.0178771   4.68330031 16.19682325],90,-0.4049749890500607
Ni,[ 8.54278117  1.74128059 20.47286366],[ 1.52015665  8.48242585 17.81521226],77,0.37420605069019075
Cr,[ 7.7962771  20.71695561 20.70602099],[ 9.10347718  9.24894488 20.70667332],75,0.37420605069019075
Ni,[20.50572264  3.53016681 13.49161594],[ 3.40896024 18.21515263 17.63482845],78,0.02644602070995461
Cr,[20.27423974  5.4829305  11.97210739],[12.58428113  2.52736773  6.85258478],76,0.02644602070995461
B,[20.29856865 10.40016806  6.09789217],[ 7.40543697  1.53761893 13.63814942],91,-0.4090770054499444
Cr,[17.07052306  2.03635485 12.47043867],[12.36071527  5.47014933 13.93606869],77,0.011194912129212753
Ni,[15.17294026  3.47006605 12.24053094],[ 5.56540613 20.94666533  5.07290285],79,0.011194912129212753
Ni,[10.37093482  2.18049891 19.07244286],[ 9.87708106 15.80389563 16.39484649],80,0.13855616840010043
Cr,[ 9.98538776  3.86363775 17.46775625],[15.17294026  3.47006605 12.24053094],78,0.13855616840010043
Ni,[ 2.21233597  1.03257499 14.8885758 ],[11.77679566 10.56324875 19.3256757 ],81,-0.027507742349371256
Cr,[ 2.07065371 20.77545804 12.75636085],[18.87161788  5.84334124 20.24302528],79,-0.027507742349371256
B,[ 7.7838493  10.93590156  4.40185305],[ 7.40357287  1.56481372 13.62312507],92,-0.6757597599998917
Ni,[ 1.1572486   4.86116376 13.42555229],[11.71770814 19.93702576  6.43269683],82,0.26277928642957704
Cr,[ 1.18603943  6.61557023 11.72425994],[20.24121434  5.8553597  17.89735873],80,0.26277928642957704
Cr,[ 8.63244095 13.87937024 15.33669168],[16.92228973  0.99414938  7.41843112],81,-0.1729691576301775
Ni,[ 9.12992274 12.21278886 17.22156865],[16.65863711  8.29256847  1.53087956],83,-0.1729691576301775
Ni,[17.9779588  14.38633756  3.62515171],[17.40458547  9.01086026  5.25335454],84,-0.03429960439007118
Cr,[16.63197191 12.56642864  3.95397274],[3.34009472 0.69717705 6.80355249],82,-0.03429960439007118
B,[2.47514931 2.56084808 7.7943437 ],[13.39496755 12.40386671  1.99889596],93,-1.0366570987798696
Ni,[ 3.50678549  2.89648512 16.18789346],[15.19545697  1.23919738 17.98586174],85,-0.06346182726974803
Cr,[ 5.66539108  1.71578953 17.0783116 ],[15.12386796  1.76908515  5.93177336],83,-0.06346182726974803
B,[ 7.84403483  3.4445967  10.30447949],[15.74098571 20.48482709 10.59955975],94,-0.20463703055975202
B,[16.44040629 18.01852921  3.86402425],[20.1380511   4.48383509  3.95299582],95,-0.0753821645903372
Ni,[2.68787964 1.84054703 0.78571451],[15.50405899  3.73981456 15.85585335],86,0.05393448383983923
Cr,[1.51060596e+00 2.11116044e+01 1.90816043e-02],[ 9.10002281 16.15224695  6.90911084],84,0.05393448383983923
Ni,[ 7.78546297 19.45147416 12.06512227],[20.97124756 12.71228528 18.78193099],87,0.2313391937605047
Cr,[ 6.13962492  0.07487412 12.27206852],[17.08229944 13.16137355 19.00418669],85,0.2313391937605047
Ni,[18.54096325  5.15525418 10.39956977],[ 7.62289535  7.40968779 19.68410584],88,0.3347724863797339
Cr,[17.7918809   2.98952174  8.63802658],[6.80889633 3.65677892 7.43749355],86,0.3347724863797339
B,[15.22648892 15.27652309 10.72763958],[ 3.3809359  10.80119111  9.36814869],96,-0.868336003280092
B,[ 1.49606927 20.33784738  3.37863425],[10.17079855  0.82866639  9.96202209],97,-0.8703880592001951
B,[ 8.29263924 20.33276307  1.46267197],[12.29023713  0.58273256  5.53078271],98,0.11546605803050625
B,[16.70607157 13.25400103  0.02468395],[7.5065036  0.54330423 8.49685495],99,-0.00022362841991707683
B,[ 1.58336089 18.66840958 17.50692475],[8.47849141 2.7864391  1.43744846],100,-0.00014197611017152667
B,[18.92722155 17.41657882  0.15082248],[ 4.35742615  9.00865541 17.40387675],101,0.1873850407300779
Cr,[ 4.42177243  1.85203395 20.49364181],[14.31831186 11.21859332  7.16689218],87,-0.08449115159055509
Ni,[ 3.90832666  2.49522676 18.3060145 ],[ 8.43647592 15.79720333 13.84424914],89,-0.08449115159055509
B,[ 9.92174792 11.05017155 20.25998841],[ 7.75694614  9.24965247 18.97849703],102,-0.4295354383993981
Ni,[12.75268887 15.98429367  6.9892627 ],[ 1.18938945  6.29056318 11.34963233],90,-0.027865897480296553
Cr,[13.39851773 18.4102779   7.04294849],[ 4.71721273 10.40535761  4.19117857],88,-0.027865897480296553
B,[21.10930625 18.97800628  7.63631797],[ 0.96501895  2.24436627 18.52345657],103,-0.5742130095704852
B,[18.34286467  0.76098513  8.95600701],[17.0140791  20.50405149 19.32517627],104,-8.47663395688869e-05
Cr,[ 5.87751431  0.68782614 14.96552096],[18.18640649 14.24483412  7.75709244],89,0.23088622963041416
Ni,[ 5.62035664  1.802695   17.15185073],[15.24135262  1.25381408 17.90353268],91,0.23088622963041416
Ni,[16.30551148  1.65255817  0.90724515],[17.72152419 17.61351413 17.56690971],92,0.04465546490973793
Cr,[17.02917112  1.37152032 19.59278085],[ 2.16963867 19.98877472 19.02687244],90,0.04465546490973793
B,[17.37336775  0.18760347  1.96632662],[20.1198978   4.37405082  3.92991827],105,-0.008154089479830873
Ni,[ 8.85848713 10.53824135  9.59436599],[18.48879745 15.53752816 11.95632188],93,0.17890640193945728
Cr,[8.2696257  9.11785855 6.83406383],[12.69577711 15.86930704  6.94882986],91,0.17890640193945728
Cr,[13.13995232  7.7251699  21.10767517],[12.16586099  3.67786108 19.29146718],92,0.19169381191022694
Ni,[11.00183513  6.95776735  0.0438838 ],[ 3.42618642  8.22940667 18.8887913 ],94,0.19169381191022694
Cr,[ 3.53847275  9.99971451 20.74347773],[17.89626978 10.52982503  8.66530468],93,-0.08600256079989776
Ni,[ 2.72677478 12.19511728  0.68589288],[7.04638653 5.59944383 5.86050226],95,-0.08600256079989776
B,[ 4.19715627 19.39226204 19.14569274],[ 0.12994898  9.63169931 16.22757825],106,-0.30956799571049487
B,[4.4470231  8.68713871 7.80212756],[12.35076344  0.4990984   5.46298944],107,-0.7093463862893259
B,[16.25094766 17.85378111  3.74411026],[ 3.56423776 10.86356882  9.37848438],108,-0.5202708649803753
Ni,[10.47037161  0.32746904 20.32729509],[16.19784839 11.1187533  14.65343135],96,0.08035635887972603
Cr,[10.21856944  2.25271242 19.07754697],[15.23122641  3.4547823  12.15868846],94,0.08035635887972603
Ni,[ 3.7309646  20.27779902  8.6665659 ],[4.22852099 2.79550574 7.01897019],97,-0.09486247241966339
Cr,[ 5.58023935 18.38809524  8.8837962 ],[17.60379445 18.27897763  8.79687097],95,-0.09486247241966339
B,[ 0.52015418 11.58458276 10.04309942],[11.45072526  8.39378929 19.53193607],109,-0.31932418197993684
Ni,[15.81717337 18.72655579 16.66983071],[ 9.49343836 18.66615396  2.68044297],98,0.37701347952952347
Cr,[13.6599436  19.25743313 16.09046842],[ 9.10721764 12.09685691 11.28803155],96,0.37701347952952347
Cr,[18.24044285 14.17152072  7.79944799],[ 8.54350853 19.46384607 11.93060273],97,-0.013090967809148424
Ni,[18.86830936 13.45247268  5.77240492],[10.97221691  7.12098723 10.51956906],99,-0.013090967809148424
B,[ 2.44636732  3.85545246 12.0544043 ],[10.9660262  10.77127696  2.08200655],110,-0.3831376326006648
Ni,[ 9.17629128 10.81616467  5.71465749],[1.02010877 8.77972433 5.20621833],100,-3.976099833380431e-06
Ni,[7.03085188 2.30824649 9.37768311],[18.27933811  3.73640736  4.25024974],101,-3.976099833380431e-06
Ni,[15.75211918  0.81055519  3.64144538],[ 4.9914349   4.39388063 20.91053224],102,0.3237710405901453
Cr,[14.71956648  2.56674095  2.35778959],[ 1.0718964  14.0289404   1.34002206],98,0.3237710405901453
B,[ 9.35127111 15.68659617  3.86682476],[17.08402001  5.78069809  4.97957467],111,-0.3883580946303482
Cr,[ 6.1836584  17.25490058 16.93835004],[14.10765792 15.79096733 12.61866619],99,-0.00966708279975137
Ni,[ 6.94532887 15.33842387 15.93309282],[19.35497416 10.21194485 12.30085909],103,-0.00966708279975137
Cr,[15.16141436  0.94185355 11.74122884],[ 3.37946324  3.07753238 16.18580207],100,-0.042589273460180266
Ni,[17.14531068  1.96615568 12.35792391],[ 5.68382491 20.88091983  5.15865173],104,-0.042589273460180266
B,[ 5.02927595 13.62369321 13.6171925 ],[11.35536076  4.75549998  2.31891773],112,-0.006610980759433005
Cr,[10.09218532 14.12848762  3.68600489],[ 6.56422989 19.35283446 13.11688181],101,0.07881113829989772
Ni,[10.52565071 12.47580925  5.34692659],[17.14419337  4.99840292 12.49070933],105,0.07881113829989772
Ni,[ 0.1364727  10.96531105  4.60017224],[10.62759335 13.98135413 11.06442346],106,0.17626213302992255
Cr,[ 2.61319018 10.50977446  4.95548151],[15.60349437  5.75584176  6.77316259],102,0.17626213302992255
B,[ 4.90098428 19.15503433 14.36436774],[20.13515821  4.34331338  3.91873939],113,-0.3561165919099949
B,[ 8.0374752   9.82549057 21.06497801],[ 7.94739903  8.96693907 18.91723996],114,-0.011256805880293541
Ni,[ 6.52841191  3.85021462 11.08364351],[17.04976234  7.30928463 20.49285543],107,0.0005740686301578535
Ni,[ 7.42727818 17.78576388 10.25233189],[19.44670557 14.17037081  9.77880015],108,0.0005740686301578535
B,[11.43033778  4.32226513  7.72473702],[15.09284761  1.99370018 20.04413597],115,0.24799640760011243
B,[10.2834674  17.14812153 19.82111228],[ 7.42178948 12.10419171 12.52101841],116,-0.0003684718403746956
Ni,[13.70075771 19.32046851 16.0622399 ],[ 9.52608509 18.65901147  2.66398786],109,0.006226022130249476
Cr,[12.16099043 19.2446727  17.73977594],[15.86766178  8.81747612 14.22616056],103,0.006226022130249476
Ni,[12.44031168 20.16433057 12.85865484],[16.63356206 14.08569242  5.82244979],110,0.20642390815010003
Cr,[12.87036194  0.38463635 11.10499625],[ 2.76373555  7.04982176 16.81057305],104,0.20642390815010003
B,[15.71012967 20.52369394 10.63181218],[ 3.78324693  1.00843323 16.26853424],117,-0.47806597579983645
Ni,[8.1869309  9.03041804 6.75480188],[18.53003056 15.55108006 12.006278  ],111,-2.508069883333519e-06
Ni,[5.42908549 7.10422087 9.06035896],[ 6.36363127 12.52015125 19.59879851],112,-2.508069883333519e-06
Cr,[17.26585838 14.36299328  1.58650336],[ 7.92839421 16.27928307 18.18380308],105,0.09722525954930461
Ni,[16.93745884 12.55880817  3.99945585],[17.49911787  8.97947113  5.28098278],113,0.09722525954930461
Cr,[20.70062572 19.40545241 19.43392349],[19.02536819  0.47796904 15.69094473],106,-0.06745409805989766
Ni,[ 1.39240318 17.73633201 19.24718846],[15.63957139  5.47541902 14.05266985],114,-0.06745409805989766
Ni,[7.15102238 8.96815319 8.95783745],[20.2975186  16.17601449 10.56372017],115,0.35993268268975953
Cr,[4.061447   8.87827757 8.66477973],[12.29946469 10.5305639  15.63831262],107,0.35993268268975953
Ni,[11.18897776  1.66205233  4.41204021],[18.8411832   1.87412349  0.4700662 ],116,0.2343195082303282
Cr,[12.50209725  2.36708923  6.54430227],[2.93204951 8.65537324 3.85117037],108,0.2343195082303282
B,[15.09374549  1.98960342 20.03680209],[1.74206062 1.67630191 4.79530287],118,0.0305777265703
Cr,[10.45154698  0.24211308 20.32512256],[15.18951898  3.38955239 11.94848847],109,-0.005697485040400352
Ni,[10.28136394  2.17229859 19.05183858],[16.17026094 11.07521316 14.6772557 ],117,-0.005697485040400352
Cr,[18.61769457  5.76231526  3.05098422],[ 3.31494989  1.66803414 12.56039774],110,0.07754532473973086
Ni,[19.5702344   3.45533899  2.24630452],[12.50924213  3.66431629 15.54165075],118,0.07754532473973086
Ni,[ 7.35528376 18.3310246   6.54786346],[12.00564979 19.14740024 17.52611704],119,0.20491135201064026
Cr,[ 8.94384721 16.41523621  6.71897756],[ 2.29274048 16.01161141  7.19157974],111,0.20491135201064026
B,[12.52903485 17.22603093  3.03954261],[11.00789262 15.90816352 10.15100924],119,-0.2833858924504966
B,[11.54497678  8.40196702 19.78857887],[19.44001674 17.72325144 18.72281969],120,-0.46451498848000483
Cr,[14.50486225 16.5635234   3.41094733],[13.9358804   2.288125   10.29010546],112,0.010437691480547073
Ni,[15.69701953 14.54713791  3.46617319],[9.00352578 5.66431492 0.35144037],120,0.010437691480547073
B,[16.2437165  17.8879587   3.79540457],[11.31626101  4.75657466  2.39550688],121,-0.060306822640086466
Cr,[ 8.62170053 17.13573425 12.34653167],[15.0879974  20.35116032 18.4928077 ],113,-0.02927547185026924
Ni,[ 7.11653277 15.4649783  11.76082511],[18.97495133 12.72606337 17.52272001],121,-0.02927547185026924
Ni,[20.31832769  0.13407759 21.03736338],[20.00876166  2.17739861 19.49500841],122,-0.013735460689531465
Cr,[20.00876166  2.17739861 19.49500841],[17.07783573  3.3774176  14.07558141],114,-0.013735460689531465
Ni,[16.53619711  4.24111171  2.92248103],[8.66461847 9.21605626 4.38339735],123,0.07038415380975493
Cr,[15.19871464  4.09875995  0.74479442],[ 1.64240026 12.73609266 17.70304184],115,0.07038415380975493
B,[19.98649542 15.90234277  8.58126429],[ 1.47622688 10.46469459 14.13926803],122,-0.4837710989804691
B,[ 6.36935295 20.6946909   3.21676914],[10.40555842 10.5606604  16.15726736],123,0.055476791440014495
B,[ 0.69361058  2.20371188 18.50780989],[ 0.08462427  9.68816336 16.33626216],124,-0.00011380478008504724
Ni,[10.79664191 15.72513327  5.24871135],[ 1.34355552 11.53628754  2.79617417],124,0.3301462205208736
Cr,[12.66617121 15.88576603  7.07759992],[ 4.80538084 10.45839886  4.14451519],116,0.3301462205208736
Ni,[ 8.63565687 18.47577552 19.8699919 ],[14.10680464 10.25275971 14.09747403],125,-0.1352643513801013
Cr,[10.76021672 19.19711964 19.42155957],[20.6120457  12.30247075  1.6050854 ],117,-0.1352643513801013
B,[ 5.74397722 12.23342586 12.45967333],[ 1.4481218   3.4070931  14.85330147],125,-0.06002526066004066
Ni,[ 8.71547194 17.08214633 12.29522319],[18.98316136 12.71798319 17.52306206],126,0.1744687914797396
Cr,[10.87019019 16.00779527 12.36168727],[10.62820954  2.13243706  8.3786529 ],118,0.1744687914797396
B,[ 3.18490953 11.7275526   3.44657603],[ 0.31978513 14.13221071 15.50853202],126,-0.04102629967019311
Ni,[1.65878451 0.71503308 8.94320504],[13.51314716 21.06995915 14.84348374],127,0.04128085287993599
Cr,[4.02183147 1.44812615 8.70315096],[19.40034939  3.41903803  2.32936839],119,0.04128085287993599
Ni,[ 7.59409023 19.50978833  4.51975785],[18.13298684  8.22818742  3.18495851],128,0.10783215992978512
Cr,[ 9.20839194 17.60313168  4.84983879],[13.05700549 13.6540313  21.07385023],120,0.10783215992978512
Cr,[13.36009918  5.33855085 20.78368666],[ 1.67398078 12.693887   14.50732541],121,0.19544835987016995
Ni,[12.12862358  6.65155004 19.13955568],[17.86343255 20.84368134  3.88999575],129,0.19544835987016995
B,[5.52248933 9.58970288 5.51195583],[ 0.30844767 14.12858499 15.50006284],127,-0.3727420630493725
B,[10.96298312 10.84200209  2.21659154],[14.49859922 17.76567407 20.72325494],128,0.0002422705192657304
Ni,[ 3.97536727 21.02169769 18.1050526 ],[ 5.57165112 15.53172002 13.61443717],130,-0.06310893505997228
Cr,[ 6.10019434  0.52021035 19.14511925],[11.84223388 11.88187083  0.46217926],122,-0.06310893505997228
Cr,[15.43548996 12.83522769  1.89713602],[ 2.8832175  16.08877854 19.45354776],123,0.17643218734065158
Ni,[14.68718504 11.15315643  3.55940173],[6.0138011  1.36443817 7.31073712],131,0.17643218734065158
Ni,[ 4.57591537  1.88604136 20.42330861],[ 8.21023206 15.71933993 14.08357354],132,0.4793471070097439
Cr,[ 3.97536727 21.02169769 18.1050526 ],[11.84223388 11.88187083  0.46217926],124,0.4793471070097439
B,[13.91540382 19.12564386 13.96053775],[8.75451936 1.52307541 9.06159596],129,-1.1323796843598757
Cr,[16.90929759 12.70027369  4.1540689 ],[ 7.94684322 16.18260035 18.12080627],125,0.04300003497974103
Ni,[16.17640877 10.84331756  5.30863653],[ 0.99687465 15.10776218 13.88228644],133,0.04300003497974103
Ni,[16.04475642  9.13040232 10.35043428],[18.19365299  9.95392958  1.37704379],134,-0.08216512257968134
Cr,[14.1388487  10.80293496 10.84230129],[2.91850155 2.01466954 2.81967195],126,-0.08216512257968134
B,[9.23561492 2.11338936 5.20264748],[16.33873092 12.98077841 14.38112172],130,0.029681398719731078
B,[9.05821952 5.13427469 5.41580358],[5.09002518 8.38738377 4.37314668],131,-0.22228929446009715
B,[ 0.45647978 12.47412132 20.97774065],[16.99370916  9.32150845  0.03686338],132,0.07558418202006578
Ni,[ 8.64063093 10.20137188 12.28751132],[15.72198323 16.33712082 16.71612237],135,0.45856263320001744
Cr,[10.52747185 10.34237181 13.83806207],[ 1.60893472 13.92064453 19.90256411],127,0.45856263320001744
B,[18.28923586  0.74887945  9.00654118],[17.0487476  20.54930179 19.42566293],133,-0.34117294768020656
B,[ 8.22650498 10.27794977  3.43057928],[ 0.23561336 14.13411761 15.52089805],134,-0.2609008982699379
Ni,[ 3.68617538  9.96082076 20.6362975 ],[6.91245065 5.74386819 6.01807979],136,0.11791023592013516
Cr,[ 3.07290727 10.70122516 18.07365709],[11.62422193  1.59185907 14.87120496],128,0.11791023592013516
B,[1.84015932 1.7169441  4.83464397],[15.16957524 15.33872046 10.80759037],135,-0.2815699892298653
Ni,[16.23880615  3.26402762 18.34072973],[ 6.22574014 16.31097522  6.01133837],137,-0.013708502479857998
Cr,[15.48060083  1.39272205 17.29063036],[ 0.3485113  15.94986287  3.04476415],129,-0.013708502479857998
B,[18.3829397   2.95825751  6.32690418],[10.91086749 20.71916326  4.81623389],136,-0.0414281641405978
Ni,[10.49230348  6.59393492 17.1864337 ],[19.19909505 20.46274844 13.05272365],138,0.11703117011074937
Cr,[12.03388402  6.77286288 19.0762551 ],[ 1.61692668 12.74195627 14.49722675],130,0.11703117011074937
Cr,[13.86200063 21.1039889   9.7540711 ],[ 8.15714161  1.66152384 20.28224111],131,-0.14103686382077285
Ni,[16.09384166  1.36381757  9.74544182],[ 6.95551594 20.99998879 17.23130599],139,-0.14103686382077285
B,[16.63744846 14.99624154  8.54282285],[11.55494882 15.54387104 15.21431029],137,-0.38211192660946836
Ni,[12.78269378 15.94778826  7.02096544],[ 1.38082903 11.53537189  2.65351448],140,0.3062239713199233
Cr,[10.84833743 15.75744708  5.30155246],[ 4.8736468  10.36207896  4.09808909],132,0.3062239713199233
B,[10.69996736 15.49582877  9.97739309],[16.61445608 11.12235729  2.75936812],138,-0.590319428640214
Ni,[ 7.83357306 20.74688768 14.30496369],[ 1.54488064 20.43214615  5.12955532],141,0.3270565623197399
Cr,[ 7.16893317 19.44843015 12.36171952],[16.73339052 13.23660306 19.19762025],133,0.3270565623197399
B,[ 0.48402837 11.61502775  9.99329051],[ 6.05895769 12.78512123  9.76439135],139,-0.24763855570927262
Ni,[18.28730722 18.92135663 19.64923182],[ 4.47744093 18.75946384  1.27127656],142,0.48473989782996796
Cr,[19.63372442 19.29067728  0.51011156],[ 0.56864498  2.06215071 20.88894598],134,0.48473989782996796
B,[0.50030999 3.03604943 1.69397325],[15.21374175 15.33746081 10.79476026],140,-0.1533458638605225
B,[ 9.59297043  0.0463089  10.26559447],[ 7.30498058 17.40466286  4.66312178],141,-0.8260731886393842
Ni,[17.27825959 20.91371982 17.38429319],[12.42009334 10.90309927  9.2188692 ],143,0.2536614688096961
Cr,[15.7154526  18.92380097 16.67635989],[ 9.04647565 12.15674484 11.32145957],135,0.2536614688096961
Ni,[17.19820798  0.31058663 13.78803835],[10.7079503   8.70881842 12.1949287 ],144,0.3249473859996215
Cr,[17.24762578  2.02260751 12.02838716],[ 3.33853671  3.10032642 16.07533638],136,0.3249473859996215
B,[ 1.91208506 18.89804042 12.08571977],[11.95026246 19.76615047 20.94579399],142,-0.3736690072400961
B,[ 1.46568841 13.94402286  6.96134181],[ 6.90991788 11.7551632  17.76529857],143,-0.18955583342994942
B,[ 6.2888138   1.94659663 20.82925543],[9.31487057 2.20905135 5.34222967],144,-0.6718200145996889
B,[ 1.46551412  3.4020445  14.82654794],[16.04994914 19.40075902 14.62217245],145,0.00043876756990357535
Cr,[10.39601344  5.39936008  6.05600604],[20.58933193  3.50248304 13.48269333],137,0.06341025770052511
Ni,[8.37656248 3.93567162 5.51842243],[ 5.18180503  4.22445524 17.26894951],145,0.06341025770052511
Ni,[ 9.08995408 16.43314017  6.78623055],[11.93048234 19.02563891 17.4855241 ],146,0.055709739169287786
Cr,[ 9.57102015 19.4861536   6.48676398],[13.59500219  8.6538274  18.90359331],138,0.055709739169287786
Cr,[10.07238799  2.09166044 19.17034952],[15.44616893  3.38871656 11.78042602],139,0.01691169263995107
Ni,[10.0102864   4.12446693 17.52454116],[ 9.91131787 15.64330349 16.20559822],147,0.01691169263995107
Cr,[ 3.77959431 20.99780403 14.16387244],[18.68686073 13.27661008 21.02754143],140,0.11263303022042237
Ni,[ 2.6345383  20.14461208 16.2660782 ],[15.08239082 12.21107885 17.82762097],148,0.11263303022042237
B,[0.2681453  6.84863567 7.81090965],[ 4.90682523 16.3643127  15.32790486],146,-0.04767113033994974
Ni,[12.26575454 13.75916659  5.27294189],[20.22957416 11.21392806  2.12473018],149,0.03014903878010955
Cr,[12.72439918 15.88267848  7.05600132],[ 4.82769628 10.4086424   4.10887245],141,0.03014903878010955
B,[16.86795518 10.89939986  2.75352165],[ 4.6140425   9.1905226  17.52852648],147,-0.05100373221011978
Ni,[18.87789724  3.5067789  12.03346678],[ 9.18225836 12.71910585  7.14077735],150,0.1984158652003316
Cr,[18.56534505  5.21370764 10.46792388],[6.85482758 3.78303931 7.54667119],142,0.1984158652003316
B,[ 8.32103432  8.32797296 12.0772127 ],[ 1.4038279   3.43865153 14.8085747 ],148,-0.4984923792508198
B,[19.91537252 17.71932448  3.41679224],[10.76341905  3.20995732 15.8357584 ],149,-0.35589535289000196
B,[12.7335194  17.19782117  2.9716669 ],[11.70199724  4.87812195  2.5154764 ],150,-0.0014405067595362198
Ni,[13.49455535 13.70341743  7.1952006 ],[10.68623951 20.35268037 11.45623454],151,-0.07163941401995544
Cr,[14.202633   11.19296606  7.22317173],[6.96895855 1.29757446 1.49195341],143,-0.07163941401995544
Ni,[1.90281888e+01 1.16930447e-02 2.04684137e+00],[ 8.92334619 10.7666949   3.3759175 ],152,0.03019444803976512
Cr,[19.51719804  1.70801595  3.96826467],[ 6.3042318  13.79337472  3.31967348],144,0.03019444803976512
Cr,[18.03503135 18.69299052  2.84652111],[ 5.64413936 19.63523654 10.57991702],145,-0.056762686709589616
Ni,[19.5875802  19.26847177  0.72260977],[ 4.39719413 18.82095977  1.2636997 ],153,-0.056762686709589616
Cr,[12.5434111   5.34687023 13.76143974],[12.55167708 10.54248701 12.44406963],146,0.03067878749970987
Ni,[12.71288158  3.71554119 15.52737427],[ 3.29300248  9.26498731 16.20765918],154,0.03067878749970987
Ni,[14.93188985  2.66326236  2.63404217],[ 4.91690543  4.39925637 20.86993249],155,0.047394716440066986
Cr,[16.54868982  4.36959775  2.98290381],[ 1.56516694 12.78971934 17.77060592],147,0.047394716440066986
B,[15.68790268 20.59076639 10.23146513],[ 3.71161736  0.96502561 16.24602652],151,-0.30955281318983907
B,[2.25202911 8.20042404 9.28381659],[12.39534944  0.48999382  5.52614647],152,0.12365858831981313
B,[ 1.38558684  3.41452798 14.84282445],[15.97113941 19.37012271 14.73790736],153,-0.0008179271098924801
Ni,[19.83115299  3.20495389  9.65217711],[10.1914356  11.50841444 19.7811382 ],156,0.28039801338945836
Cr,[20.78919663  5.61457031  9.69002118],[19.03234274  8.68168587  7.18917929],148,0.28039801338945836
B,[ 0.44263628 11.40932433  9.73209261],[ 6.89598672 11.80629486 17.6495368 ],154,-0.23670200767992355
Cr,[15.9291991 18.1492532  7.1863883],[ 6.75593256 18.99489746 15.51060593],149,-0.002084228779494879
Ni,[16.61480531 20.37703836  9.33456734],[ 5.53871921 18.32974207  8.61893924],157,-0.002084228779494879
Ni,[17.76148709  7.39116464 14.39474639],[11.95920529  6.7155027  19.10413009],158,0.11872424396005954
Cr,[19.05225259  6.74317813 16.25286831],[18.90423006  3.47222442 11.98498175],150,0.11872424396005954
B,[5.28346054 5.16597729 4.13370295],[6.15764808 0.01880046 3.04851524],155,0.06502666501000931
B,[0.84620899 8.12996098 0.11749524],[2.48677116 2.70712384 8.18549271],156,-0.16087713987053576
Ni,[4.67008998 0.56483691 1.68835899],[14.18238092  5.4475711  15.57342976],159,0.2824671997504993
Cr,[ 4.98458275  1.92765757 20.6358316 ],[11.87686483 11.90195125  0.34663418],151,0.2824671997504993
B,[ 6.90934524  0.03480185 12.87660969],[ 3.52288184 10.79340129  9.36266976],157,-0.6741586516400275
Cr,[12.91020383  0.02579188 14.21237504],[ 2.70830618  7.01642768 16.74167411],152,-0.0495607786506298
Ni,[13.67962802  1.43925857 15.93577986],[15.85735062 18.17700238  7.22183025],160,-0.0495607786506298
Ni,[ 7.41295745  1.9697566  11.58900293],[13.93541044 17.0270213   1.23496666],161,0.3463642476608584
Cr,[ 9.24526216  2.49292304 13.10948224],[12.86466732 11.15290086  5.03137251],153,0.3463642476608584
B,[ 9.05108658 14.5001235  17.33487311],[19.63564348  4.20437095 19.28519217],158,-1.2806686961703235
Ni,[8.45096972 1.97606223 7.32820334],[16.04551063 15.50213568 18.96141443],162,0.07587223603968596
Cr,[8.36392332 4.07356366 5.34554642],[20.45269612  3.56566133 13.51163232],154,0.07587223603968596
B,[19.60082779  3.40381731  7.66174293],[ 5.0508479   6.13216832 20.10702626],159,-0.3816043461301888
B,[20.8451704  19.02690996  7.78705878],[16.31591568 13.09796685 14.26310456],160,-0.0004725916096504079
B,[19.55835562  6.67443998  6.71301628],[20.72551589  5.38339931 19.97795268],161,-0.8200603661098285
Ni,[19.2777     10.42973012 16.57912191],[8.13015074 7.04637779 8.08657418],163,-0.0005382789804571075
Ni,[21.11990545 17.75547746  1.91785778],[15.09544537 20.37707379  7.6327495 ],164,-0.0005382789804571075
Ni,[ 9.72935289  1.9520242  16.677738  ],[18.26116883  7.43370432 18.4792613 ],165,0.14342341253995983
Cr,[ 9.98288425  4.19165247 17.58747714],[15.31979722  3.34263101 11.79476422],155,0.14342341253995983
Cr,[10.89774081  5.38821106 12.10027431],[ 1.66772289 18.00791555  8.96564164],156,0.1526334862501244
Ni,[12.50846794  7.15918779 12.20330169],[16.99663357  5.86757899  1.20637003],166,0.1526334862501244
B,[ 4.25984774 11.63971407  0.4971694 ],[20.17958472  4.3671066   4.17563773],162,-0.1399798875399938
Ni,[20.34008457  6.69710104 14.00502808],[10.91689739  4.615837    8.21681999],167,-0.04568588214988267
Cr,[20.37540162  3.59720584 13.41740729],[11.18693385  1.7874254   4.43571537],157,-0.04568588214988267
Cr,[5.02082005 5.1287679  7.12284416],[8.67774932 7.28228113 0.63161068],158,0.0018525004597904626
Ni,[4.81242919 3.80492335 9.2642436 ],[ 3.83544396 16.21951853 11.72834383],168,0.0018525004597904626
Ni,[ 8.46321233 11.20442686 19.44561626],[ 5.0729982   5.88152604 10.89029538],169,0.046778362390796246
Cr,[ 8.51814334 13.24063718 21.1051184 ],[15.41512442 21.08781338 20.98277625],159,0.046778362390796246
Ni,[ 6.44013418  3.96308298 11.00361671],[19.4132762  14.13679457  9.39250153],170,0.028245021519978764
Cr,[4.81242919 3.80492335 9.2642436 ],[8.67774932 7.28228113 0.63161068],160,0.028245021519978764
B,[17.95209585 12.18536163  5.07025641],[10.98114521  3.50043121 16.00055319],163,0.0415143634800188
Ni,[ 1.98213732 16.86487335  4.05403936],[16.90683233  1.32739326 19.59875407],171,-0.004470738750569581
Cr,[ 1.00773174 19.01661646  3.70050169],[12.38503864 12.36271701 11.01487739],161,-0.004470738750569581
B,[ 7.80683427  5.42676797 10.72606289],[ 1.36148473  3.47421844 14.85788595],164,0.05042571862031764
Cr,[6.83643395 5.20716164 9.02959878],[17.25358817  7.30929021  6.88828206],162,-0.14336059160996228
Ni,[8.7540526  4.87335076 7.56211491],[16.26516849  5.03059016 20.09229856],172,-0.14336059160996228
B,[5.97039692 0.23174906 2.96138479],[17.08048421 20.52224878 19.50146852],165,-0.4872682474406247
Ni,[ 8.30165625 15.76818487 13.89414526],[ 4.08605196  0.10359887 18.09723233],173,0.0795211787108201
Cr,[ 7.2130751  15.58149638 11.72698098],[15.23521478 20.46043898 18.58228795],163,0.0795211787108201
Cr,[ 2.68707264  6.99731365 16.7896429 ],[10.57019112  3.95407448  4.14823607],164,-0.08165519406065869
Ni,[ 4.34639959  5.41300169 15.70016166],[ 6.25191405  6.88329974 14.45175055],174,-0.08165519406065869
Ni,[5.61618938 0.10489045 9.11217653],[ 3.88440098 16.75531188  5.63643342],175,0.04998197887016431
Cr,[ 5.66892724 19.60291865 10.69400928],[18.99283799 18.25618254  6.97231473],165,0.04998197887016431
B,[ 0.88058564  5.24865362 17.19779111],[16.6296068  12.88342059  0.37026358],166,-0.5288067546998718
Ni,[ 7.21668873 16.45918577  8.26176298],[16.94708656  5.19933411 15.82765725],176,0.1685917990798771
Cr,[ 9.14817013 16.31533759  6.87609553],[13.66076253  8.77962162 18.82818226],166,0.1685917990798771
Ni,[ 6.92928244  8.72753758 15.58620146],[18.392606   16.26683848  9.23013122],177,0.23391608373003692
Cr,[ 6.63579839  6.39242888 16.88119276],[13.66249788  1.39208902 15.8495112 ],167,0.23391608373003692
B,[10.67515287  3.14658923 11.9040922 ],[ 9.57930667 19.5275418   4.40579393],167,0.023866249959610286
B,[11.75010387  4.88384605  2.41732905],[20.99630135  8.90729983  6.69737709],168,0.13976961797015974
Ni,[ 7.14128744 14.2071826  19.55606276],[17.07282125  1.72517309 15.81885495],178,0.2078585399503936
Cr,[ 8.1211098  16.46333879 18.09800563],[15.91474285 10.93618204  5.5627448 ],168,0.2078585399503936
Ni,[ 3.27925275  7.17610663 14.5295277 ],[1.16314526e+01 6.08877696e-04 9.50585889e+00],179,0.36663742765995266
Cr,[ 5.04812357  9.13948916 14.40199543],[ 9.28602037  1.60135309 14.18785373],169,0.36663742765995266
B,[17.15017175  5.74548492  5.03402692],[ 8.50425786 14.15301923 10.5808748 ],169,-0.36626523112045106
Ni,[0.64415547 9.39529889 2.85094241],[ 9.10424553  5.29134252 13.63015797],180,-0.017274551829359552
Cr,[2.85973387 8.71835676 3.76280964],[10.74477326 10.65066693 10.85246455],170,-0.017274551829359552
Cr,[ 7.71477239 20.79494994 14.40272982],[16.63311801 13.23087732 19.31100746],171,0.00633843513969623
Ni,[ 8.6698033   0.23685852 12.38934865],[ 3.4048242  12.91167076 16.10971637],181,0.00633843513969623
Ni,[2.74443071 2.50765702 4.78765061],[14.5158152   5.19359895  2.7544988 ],182,-0.009753439009728027
Cr,[3.22351304 4.72253042 5.65198279],[20.20836768 19.77450851 15.33880892],172,-0.009753439009728027
Ni,[ 4.31985009 15.09124812  4.12758574],[ 0.81692026 18.68683288  3.82783606],183,-0.10074104542036366
Cr,[ 6.23656336 13.80669638  3.35070889],[17.63962858  1.98946188  2.86514243],173,-0.10074104542036366
B,[ 6.98541385 11.7995016  12.60091677],[ 7.27015404 19.86277705 18.87730576],170,-0.8131961968701944
Cr,[ 4.3432815  15.1345319   4.13335204],[17.64167554  1.99002391  2.86708406],174,0.0660602142506832
Ni,[ 3.87608845 16.71815185  5.66487465],[ 1.81660524 17.96134374  6.00036835],184,0.0660602142506832
Ni,[9.25304207 5.84434595 9.78775412],[17.2325448   2.06293579 11.93350777],185,0.02166955967004469
Cr,[ 7.22917972  6.97436456 10.46269897],[16.45001114 20.8837629   5.81947905],175,0.02166955967004469
B,[10.8167768  20.82025925  4.81552357],[ 7.21904589  1.52321672 13.52990002],171,-0.03281200365017867
Ni,[ 4.8263312  14.90965623  1.84176317],[14.88623693 19.73078699 11.40499864],186,0.033653504209723906
Cr,[ 7.10045553 14.86064944  1.03361159],[15.45214109 17.76516201 18.85053681],176,0.033653504209723906
B,[ 2.00227304 20.01546503  3.31744545],[17.07827544 20.50289118 19.51373484],172,-0.6557985726103652
Ni,[14.36617887  5.62440271  8.8641093 ],[13.09749033  0.10984608 20.39355953],187,0.010841132040695811
Cr,[15.40649549  5.71986343  6.73391023],[ 4.44581687 17.27192278  3.05649114],177,0.010841132040695811
Ni,[ 2.91993472  5.33116519 10.0869459 ],[10.73894502 12.26981043 15.09300381],188,0.0008613730396973551
Cr,[ 2.73792334  2.83785724 10.2509138 ],[17.3839594  11.86972151 12.68605273],178,0.0008613730396973551
Ni,[12.43095455 10.94168425  9.1305776 ],[18.38572361  5.27703305  6.67487677],189,0.24298518835985305
Cr,[12.34141172 12.38042348 11.01721835],[7.07460537 9.09065161 8.8612382 ],179,0.24298518835985305
Ni,[12.29038068  5.04996094 17.05513161],[18.29600389  5.2594602  10.36145576],190,-0.04493301206002798
Cr,[10.52859463  6.70036874 17.17230408],[ 1.77554881 12.7667452  14.4246774 ],180,-0.04493301206002798
B,[19.14412541 10.54686055  4.20983979],[10.9385208   3.45572001 15.97971991],173,-0.2460731646797285
B,[4.44031716 1.05332605 5.75924782],[13.65213469 12.96872648  1.36553494],174,-0.0007522717996835127
B,[ 0.04085067  9.8109088  16.19550169],[ 0.51909481  0.35382411 15.83026551],175,6.68459506414365e-07
Cr,[15.39592527 17.7736191  18.858569  ],[ 8.56502114 10.22664676 15.59776434],181,0.11594704916024057
Ni,[15.72043731 16.43752766 16.58174591],[ 7.69383139  3.3938967  13.41565147],191,0.11594704916024057
Cr,[ 8.37993013 16.64384112  2.60739955],[11.88728981 16.04094819  1.2694804 ],182,0.08085321864018624
Ni,[ 9.26069472 18.73759222  2.73220149],[20.51625005 10.06399207  8.32195343],192,0.08085321864018624
Ni,[ 2.05142681 11.86620254 10.29658691],[14.81871622 12.20236016 20.88090579],193,0.36931576974984637
Cr,[ 1.3004602  13.16115233 12.20806329],[11.00643979  3.62721583 13.76887371],183,0.36931576974984637
B,[13.10905815 19.55700236  8.67999835],[18.85805835  4.76720435 16.24959789],176,-0.2857249593398592
Ni,[10.60316643  5.64479343  5.89714369],[ 5.17604937  4.24557865 17.37345712],194,0.005828994439980306
Cr,[8.58372972 4.97606255 7.36231276],[17.17818988  7.28870799  6.91325595],184,0.005828994439980306
Ni,[6.01014509 6.83955418 2.91840668],[ 5.48798475 10.27518745  1.20498469],195,0.10256056248999812
Cr,[3.64074209 6.41122782 3.14293551],[19.06177424 20.1847096   8.42256026],185,0.10256056248999812
B,[20.14757819 18.96912963  3.11941313],[19.70629824  9.4605005   2.88969795],177,-0.3801023947798967
Ni,[ 5.99744626 21.06883773  4.89041699],[15.88149227  5.50181103 10.64202867],196,0.009153045299171936
Cr,[ 7.89090922 19.50979805  4.71863199],[12.95784265 13.97478336 20.86446804],186,0.009153045299171936
Ni,[20.94387089 16.06198138 15.74703299],[13.64221502 15.94699384 15.40398815],197,-0.1523960452295796
Cr,[ 1.95519336 14.64427182 16.15967496],[10.68218316 13.56865535 20.92866548],187,-0.1523960452295796
Ni,[5.1751118  2.56452569 1.83973092],[ 3.63352818 14.19501142 18.32994484],198,-0.012831418969653896
Cr,[3.4323364  4.40112177 1.45018289],[14.81179486 12.32659005 12.72732904],188,-0.012831418969653896
B,[1.03241793 5.99028466 9.0964106 ],[19.34607354 20.82894213 17.06231744],178,-0.6949126066701865
Ni,[16.69556264 14.88385077 14.90953912],[18.74551978 17.59317213 11.21159402],199,0.41457055443970603
Cr,[14.46083566 14.17589839 14.03620751],[ 6.66963772 17.44771274 14.22609969],189,0.41457055443970603
Ni,[14.46083566 14.17589839 14.03620751],[18.74551978 17.59317213 11.21159402],200,-0.41517905331966176
Cr,[16.69556264 14.88385077 14.90953912],[ 6.66963772 17.44771274 14.22609969],190,-0.41517905331966176
Ni,[12.36725092 12.38987493 11.02514198],[18.36416096  5.285811    6.69135727],201,-0.09879676993023168
Cr,[12.35246323 10.91509954  9.14835155],[7.08390586 9.11474115 8.87036253],191,-0.09879676993023168
Cr,[ 2.52181965 12.24909807  0.67185194],[17.96658729 10.42909689  7.99476651],192,0.15478336037995177
Ni,[ 1.33012494 11.50085369 19.88830211],[10.61020665 14.52835632 14.00551348],202,0.15478336037995177
Ni,[10.45895637 15.91804248 12.12956909],[18.92130321 12.74945047 17.46781486],203,0.20954273246024968
Cr,[ 8.61206117 17.37707662 12.17108133],[10.60361647  2.18209267  8.65409272],193,0.20954273246024968
B,[18.36683851  9.36382474 17.96417223],[ 7.36016424  9.06534827 10.85636946],179,-1.1198783366198768
Ni,[ 2.60643389  6.99639171 16.80627554],[ 5.92784589  6.88729691 14.36552731],204,0.17156136142966716
Cr,[ 4.42635678  5.35978495 15.65461583],[10.63202635  4.1460773   4.16411468],194,0.17156136142966716
Ni,[15.89848679  7.41069428 12.31936617],[20.66882875 13.02506577 13.85543754],205,0.004299923039980058
Cr,[14.32574545  5.67853492 12.3064645 ],[20.93020862  8.09238871  9.47925061],195,0.004299923039980058
B,[12.45694833  3.51440304 20.88877455],[15.93969577  3.04499394 20.30667928],180,-0.5094648288995813
Cr,[18.36093641 13.84091554 13.52453854],[ 5.58768768  1.8408296  17.00294643],196,0.15607965710933058
Ni,[16.68834686 14.90704536 14.90556931],[18.77596832 17.59548431 11.22038587],206,0.15607965710933058
B,[20.33910759  6.11205899  4.18537474],[19.30334431  8.53789766 13.30313546],181,0.0028467057900343207
Ni,[17.95904836 20.92508014  4.05125314],[ 9.59342362 11.42581675  0.80034929],207,0.04352314063999074
Cr,[15.72669492  1.00616828  3.96365964],[ 1.09142479 14.28040236  1.26659098],197,0.04352314063999074
B,[9.48173367 2.29758785 5.28901649],[4.67411057 7.89254561 4.386175  ],182,-0.08715888322967658
Cr,[19.18406196  3.4598819  11.50189247],[6.93158875 3.56505141 7.33558888],198,0.01308248826990166
Ni,[20.4049445   3.7408663  13.41840108],[10.75582483  4.27776813  7.93050637],208,0.01308248826990166
B,[ 8.45463544 20.3872493   1.62213305],[20.16860454  4.44387685  4.20837254],183,-0.17198448641011055
Ni,[8.682043   8.943122   4.39431234],[ 0.11943761 17.68882647  1.93875449],209,-0.0005221909095780575
Ni,[ 8.32242484 17.35617702 15.88457663],[15.68787272 12.89344939  7.46233707],210,-0.0005221909095780575
Ni,[17.89737579  1.74450514  5.54611442],[12.57711805  5.5443679   7.46301288],211,0.039016380939756345
Cr,[16.46424081 20.85020597  5.80707249],[13.68119296  6.96662337 17.32260898],199,0.039016380939756345
Ni,[ 9.11606992 20.93052128 16.18404938],[ 4.46711636 11.92820037 10.5926318 ],212,-0.07074716020997585
Cr,[ 9.27147077  1.61687234 14.04350266],[20.69218192  6.43003735  0.70144079],200,-0.07074716020997585
Cr,[ 0.48627722 15.6064214   3.05920211],[15.19040941  1.73770202 14.29754673],201,-0.020306077700297465
Ni,[ 0.33981735 13.38013058  3.50661752],[16.70719229 20.83501054  2.00808181],213,-0.020306077700297465
B,[11.84954803  4.92172848  2.31407937],[4.70484595 7.9062019  4.41517293],184,0.05199912982061505
Ni,[ 1.1573549  15.09416057 13.83592298],[13.97790016  9.29382636  8.88235722],214,0.14127471157007676
Cr,[ 3.57627143 14.96238407 14.52758252],[16.61399767 20.3955242   9.39537342],202,0.14127471157007676
Ni,[10.86587382 11.36762647 19.96354014],[21.01402599 21.04249365  7.1574168 ],215,0.19170078676961566
Cr,[ 9.34941353  9.3912769  20.73235821],[4.30520609 0.36840078 1.53615118],203,0.19170078676961566
Ni,[16.80818891  5.17945532  8.27608349],[10.34000075 12.29216661  9.24106834],216,-0.0912039313598143
Cr,[16.94447986  7.45105855  7.01010113],[ 1.31328806 11.49089587 19.92071363],204,-0.0912039313598143
B,[11.52300907 15.6073027  15.36273822],[14.08566737 11.26604448  1.45458231],185,-0.05908673323028779
B,[15.33383964  1.13975239  1.94844981],[ 7.22165591  1.54943792 13.60155774],186,0.05307055668981775
Ni,[ 7.28241567  7.02281313 10.42139031],[17.31408323  2.18149545 11.78352098],217,0.14123717357051646
Cr,[9.32977399 5.821531   9.72523831],[17.87964093  1.73060891  5.55741959],205,0.14123717357051646
Ni,[14.89883987 18.55488191  5.14181069],[ 3.42404486 10.98066218 14.6559762 ],218,-1.8226700376544613e-05
Ni,[ 1.81163286 14.64802597 16.18730328],[13.75788853 16.01187514 15.52173402],219,-1.8226700376544613e-05
Cr,[10.2266169   5.21464796  5.87618546],[16.72918721  5.20367913  8.22943702],206,-0.13050496767027653
Ni,[8.88718137 4.57396609 7.653007  ],[ 5.22152685  4.23061874 17.39992301],220,-0.13050496767027653
Cr,[ 7.0733234   8.45895393 15.58047906],[13.62537776  1.4137132  15.85816939],207,0.02887259600993275
Ni,[ 4.97685192  9.19198023 14.50461897],[11.62264042 21.09784182  9.61004428],221,0.02887259600993275
Ni,[20.50563672 12.68847118 19.26858385],[ 9.75070925  7.73006839 19.24796329],222,0.10777140672053065
Cr,[20.64888548 14.6221932  20.76196947],[12.40972584  2.161546   19.57371007],208,0.10777140672053065
Cr,[11.31604977  2.08000125  4.32475198],[0.87555963 9.47380092 2.84542436],209,0.16319604927957698
Ni,[10.2086942   2.77628561  6.19431383],[14.7014872  16.82347507  3.37366036],223,0.16319604927957698
Ni,[10.12437995 17.00528374 14.38415042],[10.24888996  6.08577648  2.3052473 ],224,0.0072663559003558476
Cr,[ 8.24287006 15.74363326 13.92131253],[15.20378878 20.43405036 18.60555394],210,0.0072663559003558476
B,[18.94323874  4.84880944 16.23509782],[ 5.42215485 17.74285119  6.83761224],187,-0.4654679735804166
Ni,[ 1.70491491 20.43254066  5.16922509],[12.2334794  17.8230102  20.70964867],225,0.17036474555061432
Cr,[3.58128081 0.3399646  4.09885496],[16.66883417 14.92248813 14.98191952],211,0.17036474555061432
Ni,[19.73182029  8.87446416  4.88003923],[ 6.6597863  10.90429971 10.77693565],226,0.21532516733986995
Cr,[0.86876338 9.46820333 2.84500665],[10.69416181 10.60794052 10.82834194],212,0.21532516733986995
Cr,[17.08245842  0.72555807 13.75601395],[ 3.43920332  2.98679369 16.3259312 ],213,0.03996810145963536
Ni,[15.19943946  0.91238091 12.07580134],[ 7.91380499 19.41082556  4.75906492],227,0.03996810145963536
Cr,[ 9.29851832 17.87634341  8.57852347],[19.18270988 21.0077073   2.132076  ],214,-0.13411251758952858
Ni,[ 7.23137404 17.70583495 10.30011161],[16.93461737  7.34212312 20.5660075 ],228,-0.13411251758952858
B,[16.86323495  5.82535213  5.96056323],[17.75856513  3.47439676 16.78687299],188,-0.9904282087800311
B,[ 1.23943076  3.51656329 14.76239052],[15.88684721 19.33860493 14.87704549],189,-0.00031494267022935674
Cr,[15.32284752  3.30326696 11.86909299],[12.91279633  3.51645842 15.38683083],215,0.28434352684962505
Ni,[17.50647386  3.23333526  9.59061178],[11.37601895 12.18905218  3.31591297],229,0.28434352684962505
B,[14.32252187  5.1314406   0.49023382],[ 5.40129736 17.75232206  6.84348841],190,-0.2252810095596942
Ni,[17.32762888  2.10814605 11.81640377],[10.64704749  8.7455641  12.1985411 ],230,0.04611946009026724
Cr,[15.1640562   1.00362194 12.08046253],[ 3.43406172  2.98537679 16.32700663],216,0.04611946009026724
Ni,[18.38584961 13.82161731 13.5451012 ],[18.74741715 17.5910259  11.25609402],231,0.16352291961993615
Cr,[16.27742189 14.19950197 12.35695836],[ 6.99530143 15.25064808 15.72084913],217,0.16352291961993615
Ni,[17.96691289 20.93876192  0.05701763],[ 7.01067931 14.79209804  9.35836372],232,0.30232112151952606
Cr,[20.41397536 21.10404569  0.0814506 ],[16.89712497  3.30467348 13.87630096],218,0.30232112151952606
B,[ 6.93532063 11.7820556  12.61495691],[ 7.26728561 19.82013034 18.87093025],191,-0.6425436576191714
Ni,[19.79738419 14.06056789  2.06162715],[9.31058878 5.812933   9.62362569],233,-0.007813296810127213
Cr,[ 0.36077479 13.35529009  3.51306469],[15.11845551  1.76350597 14.255103  ],219,-0.007813296810127213
B,[12.58472979  1.4843581   8.96658342],[ 8.49029491 20.37430049  1.62197671],192,-0.1974429091105776
B,[16.92311986 19.04800182 18.52644924],[ 6.45143672 10.40241546 15.60901128],193,-0.07374420619999
Ni,[13.39921357 18.61595872  6.98545924],[ 1.00010683  6.34457766 10.95051967],234,0.08358859761028725
Cr,[14.90188498 18.73640071  9.32676788],[14.60976936  7.27216848  3.08341197],220,0.08358859761028725
Cr,[10.5167332   4.09245163  3.97123666],[17.74176873  7.46885869 14.36352126],221,0.05317516364993935
Ni,[10.26393949  6.11168992  2.30564625],[10.29728134 15.47452711 18.31547201],235,0.05317516364993935
Ni,[ 3.34577919  9.86546589 10.84166542],[ 5.07037673 10.22170146 12.36863512],236,0.47734572278022824
Cr,[ 3.13906246 11.73926224 12.50072562],[18.80905268  9.03330726  9.87902943],222,0.47734572278022824
B,[ 4.11818674  1.99669293 14.58521642],[5.83426282 0.74291914 2.94270163],194,0.13430128168965894
B,[12.57296237  1.45134414  8.95878185],[ 8.44767445 20.36276855  1.59743831],195,0.00011643032030406175
B,[19.91660464  0.93986613  5.7803445 ],[11.90852838  0.81119107  5.71393541],196,0.00021282297984726029
B,[19.84893757  4.84987519  5.81145005],[ 5.19926399  6.20759366 20.16446796],197,-0.9900108332803939
Ni,[12.71875981  4.05460852  3.2516104 ],[11.78827661 13.76080443 18.91439299],237,0.025815495090682816
Cr,[10.77410503  3.18865365  2.02886017],[14.29098583 17.29026602 10.88073186],223,0.025815495090682816
B,[16.47727343  1.00310382  4.1261127 ],[ 7.08632216  1.63730033 13.59281627],198,-0.12457917047049705
Cr,[10.19533514  2.71267696  6.11389799],[19.76643038  9.00977173  4.93542772],224,0.12262838395054132
Ni,[12.37067464  2.1863861   7.03728398],[19.26355467  1.85657512  1.21767756],238,0.12262838395054132
Ni,[8.31567237 7.34273196 3.07878722],[ 2.83878338  9.22237226 13.13355639],239,0.1362238899600925
Cr,[6.05900644 6.86031066 2.82544471],[19.01901228 20.25062359  8.45551599],225,0.1362238899600925
Ni,[ 6.06823818 17.17017936 16.76282734],[19.38706238 10.25799718 12.16691606],240,0.05611405730996921
Cr,[ 6.56938085 19.09285507 15.59517901],[18.39908558 18.90780038 20.16160322],226,0.05611405730996921
B,[8.40518473 1.39952489 9.39311255],[11.06786772  1.1589435   2.68136251],199,0.10921453616992949
Ni,[20.82082255  4.88491246 15.50239532],[10.67465507  7.0693554  13.84251322],241,0.08975156703945686
Cr,[20.48131362  6.79279285 13.96288865],[12.41870765  2.27468609  6.9819463 ],227,0.08975156703945686
B,[17.44472488 10.77307485 16.01495034],[ 5.23129417 17.4763659  20.83594139],200,-0.2497448308595267
Ni,[ 5.82728466 15.22027907 17.94017429],[ 1.95821415 20.87528832 12.85994632],242,-0.05785550594009692
Cr,[ 6.09364538 17.14686367 16.73586594],[18.38739284 18.89292633 20.11373396],228,-0.05785550594009692
Ni,[14.39345248  0.08114271  2.21481551],[18.19804335 18.6555732   3.02206453],243,-0.0009224572404491482
Cr,[15.07605063  2.51972981  2.62812421],[ 1.63376084 12.69682912 17.83267832],229,-0.0009224572404491482
Cr,[12.97755845 13.94145789 20.85653617],[ 6.04385271 20.94630804  4.97474081],230,-0.15724959334966115
Ni,[14.19063753 14.13729411 18.87174414],[8.46705076 3.92362381 5.22719191],244,-0.15724959334966115
B,[ 2.24062574  2.96008999 18.31929328],[15.34924751 13.97899672  9.34736336],201,0.020315650719567202
Ni,[20.7175962   6.80743652  7.34121559],[ 7.20486292 11.46586999  0.87361279],245,0.31989058930048486
Cr,[18.62172113  6.78927199  8.51154121],[ 2.01480693  0.93100319 17.42419435],231,0.31989058930048486
Cr,[ 5.3502652  19.28037921 13.72501546],[ 9.89815763  9.90935782 18.13167354],232,0.10492713722032931
Ni,[ 2.74095359 19.03985589 14.21097702],[14.20964092  3.96284979 19.91637929],246,0.10492713722032931
B,[14.24764883  5.19186107  0.40235985],[ 5.37416339 17.7512292   6.81380548],202,-0.8545806742504283
Ni,[ 5.4138453   8.58626968 10.51898819],[10.82187225  5.38388617 12.10813871],247,-0.13812325310027518
Cr,[ 3.29344934  9.9275045  10.87745618],[18.7968428   9.0119774   9.87496395],233,-0.13812325310027518
B,[13.85525903  0.89676779  6.39537213],[ 6.97352363  1.62881351 13.65554196],203,-0.13942877996942116
Cr,[14.72707706 12.29674303 12.76385785],[ 3.99124345  2.41190852 18.23760453],234,0.06800762570946972
Ni,[16.24234065 14.25263695 12.40827797],[18.78092551 17.60540523 11.29977032],248,0.06800762570946972
Ni,[3.3700633  4.67016458 5.78515906],[14.73460195  5.07973667  2.70386893],249,0.012037388520184322
Cr,[2.79722013 2.47571219 4.93859704],[20.21732771 19.88814068 15.39767735],235,0.012037388520184322
B,[1.63198283 1.40545866 1.63931053],[10.53085434 10.55265438 16.20660312],204,0.008675969989781152
